zzl6r,r1b5/4Q1k1/p2R1p2/1p2p3/4Pp1q/1P1B1p2/P6P/5K2 b - - 3 34,g7h6 d6f6 h4f6 e7f6,1258,77,93,3278,crushing endgame short,https://lichess.org/03EJgjDd/black#68,
zzl9b,4qrk1/4b2p/3Rb2P/4Q1p1/4P3/2N3P1/P7/2K5 b - - 0 32,e7d6 e5g7,1217,121,100,66,endgame mate mateIn1 oneMove,https://lichess.org/URQPDbRA/black#64,
zzlAo,2r2Bk1/pR3ppp/1b2p3/n2p4/8/2R4P/P4PP1/3B2K1 b - - 0 22,c8c3 b7b8 f7f5 f8b4,1854,75,86,93,crushing discoveredAttack endgame short,https://lichess.org/DnmNwLmC/black#44,
zzlB3,5r2/p5k1/2p5/2b2p2/2B2PK1/2P5/P7/3R4 w - - 0 31,g4g5 c5e7 g5h5 f8h8,901,78,96,471,endgame mate mateIn2 short,https://lichess.org/xRaVTlw3#61,
zzlCv,rn1qkb1r/pp2pppp/2pp4/3nP3/2BP2b1/5N2/PPP2PPP/RNBQ1RK1 b kq - 3 6,d5b6 c4f7 e8f7 f3g5 f7g8 d1g4,1380,75,92,2051,attackingF2F7 attraction crushing discoveredAttack long opening sacrifice,https://lichess.org/HKNhzVns/black#12,Caro-Kann_Defense,Caro-Kann_Defense_Masi_Variation
zzlNH,r1b1r1k1/ppbq2pp/5p2/2pp4/3P4/P1P3QP/2P1BPP1/R1B2RK1 w - - 0 20,c1f4 c7f4 g3f4 e8e2,1144,80,93,1524,advantage middlegame short,https://lichess.org/NnpV1TBw#39,
zzlNM,kr3r2/p1q1p2p/1p1pp3/1B6/4P3/R1P5/1KP2PP1/R7 b - - 3 24,f8f2 b5c6 b8b7 a3a7 a8b8 a7a8,1900,74,84,103,endgame long mate mateIn3 pin queensideAttack,https://lichess.org/HgzSfluz/black#48,
zzlRu,r5k1/4pp1p/B2p2p1/3q4/2p5/1RQ2R2/1P6/2K5 w - - 2 32,a6c4 a8a1 c1c2 d5d1,1226,77,93,2115,endgame mate mateIn2 short,https://lichess.org/BCcUdwbe#63,
zzlTL,2kr4/pp3q1p/2b1pp2/8/4p1nN/1N6/PPPQ1PPP/2K2B1R w - - 0 19,d2c3 g4f2 f1a6 f2h1 c3c6 c8b8,2171,104,84,22,advantage long middlegame,https://lichess.org/IcGQH1S3#37,Queens_Pawn_Game,Queens_Pawn_Game_Mason_Variation
zzlUS,r4rk1/1pp2ppp/p1p1bn2/2b1N3/3qP3/1PN4P/PBPP1PP1/R2QK2R w KQ - 1 10,c3a4 d4f2,1234,77,83,487,attackingF2F7 mate mateIn1 middlegame oneMove,https://lichess.org/0T0vCUqx#19,Kings_Knight_Opening,Kings_Knight_Opening_Normal_Variation
zzlWn,r2q3r/3b1pk1/pp4p1/2pP4/3bP3/2NN1P2/PP1Q2PP/4RRK1 w - - 5 24,g1h1 h8h2 h1h2 d8h4,1612,77,88,176,attraction kingsideAttack mate mateIn2 middlegame sacrifice short,https://lichess.org/QNV805kR#47,
zzlXd,rnbb1kr1/p1q5/2p1p3/2PpPnNP/3P4/2NB4/P2Q1P2/R4RK1 w - - 0 22,d3f5 g8g5 d2g5 d8g5,1460,75,91,2085,crushing fork middlegame short,https://lichess.org/61lHPmWz#43,
zzlXr,5k2/5p2/8/4QPn1/8/8/8/6K1 w - - 1 52,f5f6 g5f3 g1f2 f3e5,685,89,82,143,crushing endgame fork short,https://lichess.org/nNKhyPIk#103,
zzlYk,r2qk2r/pbpp1ppp/1p2pn2/4P3/1bPn4/2NBQ3/PP3PPP/R1B1K1NR b KQkq - 1 8,d4f5 d3f5 b7g2 e5f6 d8f6 f5e4 b4c3 b2c3 g2e4 e3e4,1837,74,91,731,advantage opening pin veryLong,https://lichess.org/7chGMBDp/black#16,English_Defense,English_Defense_Other_variations
zzlaR,2kr2r1/1ppn2b1/p2p1p1p/4p1p1/Pq6/B1NPPQ1P/2P2PPN/1R3RK1 b - - 1 20,b4c3 f3b7,776,82,93,577,mate mateIn1 middlegame oneMove queensideAttack,https://lichess.org/sv6zWrc8/black#40,
zzlex,8/5p1k/4p1pp/1QP1P3/3nq3/3R3P/5PP1/6K1 w - - 0 35,b5b1 d4e2 g1h2 e2f4 d3f3 e4b1,1927,75,93,1979,advantage endgame long,https://lichess.org/CpW9USJf#69,
zzlgO,6k1/pp4b1/2p5/2P1r1pR/1P2Bp2/P4K1P/5P2/8 w - - 16 46,h3h4 g5g4 f3g4 e5e4,1405,75,84,607,advantage deflection endgame short,https://lichess.org/nsPCcLbW#91,
zzlh8,2q1r1k1/pp4pp/2p2p2/3p1N2/P2Pn1Q1/1P5P/5PP1/5R1K b - - 5 29,g7g6 f5e7 e8e7 g4c8,1774,73,93,6932,crushing deflection discoveredAttack endgame short,https://lichess.org/5l2xtkpq/black#58,
zzljF,q5k1/B2p3p/Q1p3p1/3n1p2/1r1b4/5P2/P1P3PP/1R2R1K1 w - - 3 25,a7d4 a8a6 b1b4 d5b4,1094,75,95,1630,crushing hangingPiece middlegame short,https://lichess.org/Ezfdi3QD#49,
zzljQ,6k1/2q4p/2bp1p2/2p1pP1Q/1pP1P2P/1P1P4/r1B5/1R4K1 w - - 0 38,g1h1 a2c2 b1g1 g8h8 h5h6 c7e7,1954,190,82,4,crushing defensiveMove endgame hangingPiece long,https://lichess.org/AMyEVTZM#75,
zzlvo,3r2k1/pp4pp/2p2p2/3q4/4QP2/1P4P1/P6P/4R2K b - - 1 26,d8e8 e4d5 c6d5 e1e8,701,90,70,74,crushing discoveredAttack endgame short,https://lichess.org/ZqkTVC4I/black#52,
zzlwg,rnbqk2r/pppp1ppp/4pn2/6B1/1bPP4/2N5/PP2PPPP/R2QKBNR b KQkq - 3 4,f6e4 g5d8 e4c3 d1b3 c3a2 e1d1,2013,264,-100,4,crushing defensiveMove long opening,https://lichess.org/zULAVAo6/black#8,Nimzo-Indian_Defense,Nimzo-Indian_Defense_Leningrad_Variation
zzlx4,7k/1pq3p1/p5B1/7P/8/8/P4P2/3R2K1 b - - 3 45,h8g8 d1e1 c7c8 e1e8 c8e8 g6e8,1428,144,20,15,crushing endgame fork long quietMove,https://lichess.org/mGRacQbi/black#90,
zzm1p,5r1k/p5pp/1pp1Q3/3p4/5q2/2P5/PP2R1PP/5NK1 w - - 1 25,e2e1 f4f2 g1h1 f2f1 e1f1 f8f1,1316,78,65,100,backRankMate deflection endgame long mate mateIn3,https://lichess.org/Hwqgqq8a#49,
zzm4n,2r3k1/2r2pp1/p2p1n1p/3Pp3/2P5/1qR1BP2/1P1Q2PP/2R3K1 b - - 2 24,b3a2 c3a3 a2a3 b2a3,1430,74,93,855,crushing middlegame short trappedPiece,https://lichess.org/GC4O1fB2/black#48,
zzm6T,8/6k1/2p3p1/2P1p1K1/4P3/4P3/8/8 w - - 1 36,g5g4 g7h6 g4h4 g6g5 h4g4 h6g6,2059,76,98,94,crushing defensiveMove endgame long pawnEndgame zugzwang,https://lichess.org/NJszZ16A#71,
zzm6W,5rQk/pp2q2n/3b1n2/8/4p2P/1BPP4/PP3PR1/6RK b - - 1 36,f6g8 g2g8 f8g8 g1g8,1183,297,100,10,mate mateIn2 middlegame short,https://lichess.org/SCKbNj2g/black#72,
zzm9N,1k3r2/ppp3p1/8/P6p/7b/1Q2B2P/1P2KP2/3N3q b - - 6 27,h1h3 e3a7 b8a7 b3h3,1166,78,96,12229,advantage discoveredAttack endgame short,https://lichess.org/3OufSoT0/black#54,
zzm9X,8/p1pb1qk1/1p1p2pr/3Pn2P/4PNn1/6Q1/PPP2RP1/4R1K1 w - - 1 25,f4g6 f7f2 g3f2 g4f2,1764,74,95,4208,advantage kingsideAttack middlegame short,https://lichess.org/I7lNw8rJ#49,
zzmCM,8/P1R5/1K5p/7k/8/1P4p1/8/r7 b - - 1 50,g3g2 c7g7 g2g1r g7g1 a1g1 a7a8q,1916,75,93,534,advancedPawn crushing endgame long promotion rookEndgame,https://lichess.org/srkv16AK/black#100,
zzmON,r1b1k1nr/pp3ppp/2nb1q2/2p5/5B1N/2NP2P1/PPP1Q2P/R3KB1R b KQkq - 2 10,g8e7 c3e4 f6b2 e4d6,2363,79,80,83,crushing opening short,https://lichess.org/r8UZKaXX/black#20,Sicilian_Defense,Sicilian_Defense_McDonnell_Attack
zzmWu,8/8/2Rbkq2/5p2/2p5/p3NQ1P/5PP1/6K1 w - - 2 52,e3c4 f6a1 f3d1 a1d1,1101,125,60,14,endgame mate mateIn2 short,https://lichess.org/GZGRvyB8#103,
zzmbg,1kr4r/pp1q2b1/2nP3p/3Q2p1/8/6B1/PPP2PPP/2KRR3 b - - 0 19,h8e8 e1e7 d7e7 d6e7,1928,77,85,124,advancedPawn crushing discoveredAttack middlegame short,https://lichess.org/5xsjfCPK/black#38,Russian_Game,Russian_Game_Cochrane_Gambit
zzmd3,8/2bq4/p1p3k1/2p1Q1p1/P1Pp1rNp/3P1P1P/6P1/5RK1 b - - 2 33,c7e5 g4e5 g6f6 e5d7,639,106,76,156,crushing endgame fork short,https://lichess.org/rDxorjf3/black#66,
zzmdq,2kr3r/1b1p1pQp/p2qp3/2p1n3/P3P3/2NB2P1/1PP2P1P/R4RK1 w - - 1 17,f2f4 d6d4 g1g2 e5d3,2048,75,89,1325,advantage middlegame short,https://lichess.org/fhZmyTzO#33,Sicilian_Defense,Sicilian_Defense_Kan_Variation
zzmlP,4rbk1/pp1q1p1n/2p2p2/5P1Q/3P4/2P2R2/PP1B2P1/7K b - - 2 26,d7e7 f3h3 f8g7 h5h7,1886,76,79,57,crushing master middlegame quietMove short,https://lichess.org/B353inBD/black#52,
zzmsA,8/1p4p1/p3p2p/4P3/3PK1k1/8/PP6/8 b - - 0 32,g4g5 d4d5 e6d5 e4d5,1236,189,100,12,crushing endgame pawnEndgame short,https://lichess.org/9Ugx0gRp/black#64,
zzn0a,3r2k1/pp3ppp/6r1/1P1p1R2/4p2Q/4q2P/1PP3P1/3R3K b - - 5 26,d8d6 f5d5 h7h6 d5d6,1833,76,93,1888,crushing endgame short,https://lichess.org/9YbGoits/black#52,
zzn2r,6k1/p1rr2p1/3np2q/3p1pRP/1p1P1N2/2P2PR1/PP2K3/6Q1 w - - 0 36,g5g6 h6f4 h5h6 d6e8,2081,74,89,622,advantage defensiveMove hangingPiece middlegame short,https://lichess.org/Aqr1i3En#71,
zzn41,5r2/1R4Rk/p4p1p/7q/6N1/PB5P/1r3PPK/8 b - - 0 34,h7h8 g7h7,1381,388,37,9,mate mateIn1 middlegame oneMove,https://lichess.org/hbZucpSh/black#68,
zzn4f,1r5k/p1p3p1/4Q3/4B2p/P3P3/3P1r1P/1P4BK/4q3 b - - 2 33,f3f2 e6h6 h8g8 h6g7,1384,74,93,4325,endgame mate mateIn2 pin short,https://lichess.org/6lmdCmA4/black#66,
zzn5R,r4rk1/5ppp/p2p4/1p1PbN2/6Q1/8/q1P3PP/2R2RK1 b - - 1 21,a2d5 f5e7 g8h8 e7d5,1306,76,75,1167,crushing fork middlegame short,https://lichess.org/Hwwq7JwO/black#42,
zzn9k,r4rk1/pR4np/2p1p1b1/2PpP3/3P1p2/2N3R1/P2qBQPP/6K1 w - - 0 26,g3h3 f4f3 h3f3 f8f3 e2f3 d2c3,1982,77,86,156,capturingDefender crushing long middlegame,https://lichess.org/R7DbvQFX#51,
zznEn,4k3/1p5p/pR4p1/2p2b2/2Pb1P2/1P6/P2K3P/8 b - - 1 30,f5e4 b6e6 e8f7 e6e4,863,89,80,94,crushing endgame fork short,https://lichess.org/u7LilUpP/black#60,
zznMe,3r1bk1/pb1r1pp1/4q2p/1P6/4p3/1Q2P1P1/PB3PBP/3RR1K1 w - - 0 25,b3e6 d7d1 e6c4 d1e1,1205,307,100,8,crushing kingsideAttack middlegame short,https://lichess.org/0675iBjc#49,
zznOd,5r1k/5pp1/3q2np/2pp1Q2/8/rPP3RN/6PP/5RK1 b - - 0 29,a3b3 g3g6 f7g6 f5f8 d6f8 f1f8,1133,76,80,419,advantage long middlegame,https://lichess.org/D1S2uvpk/black#58,
zznQr,1kr5/1p4p1/7p/1q1Rp3/1P2Q3/6PK/2r2P1P/8 b - - 1 36,c8c4 e4e5 b8a7 d5b5,1406,76,97,15099,crushing endgame short,https://lichess.org/F2voDpnN/black#72,
zznTy,3r4/2pknr2/1p1q3p/1P1P2p1/2P3P1/4R3/5PP1/Q3R1K1 b - - 0 36,d6f4 e3f3 f4f3 g2f3,1874,76,95,9135,crushing middlegame short,https://lichess.org/khduuhPf/black#72,
zzndH,r1b2rk1/4bppp/p1p2N2/5pP1/7P/q2P4/P2BQ3/1R2K1R1 b - - 1 20,e7f6 g5f6 g7g6 d2b4,2058,129,38,12,advantage master middlegame pin short,https://lichess.org/YjoSuNdb/black#40,
zzo1o,7k/6pp/3q1p2/3pp3/8/8/5PPP/R5K1 b - - 0 33,d5d4 a1a8 d6b8 a8b8,600,100,71,185,backRankMate endgame mate mateIn2 queenRookEndgame short,https://lichess.org/QH8qzrXO/black#66,
zzoNQ,4r1kr/2q3p1/p6p/1pbNR3/2p1Q3/P2P4/1PP3PP/4R1K1 w - - 3 23,d3d4 c7e5 e4e5 e8e5 e1e5 c5d4,2166,106,86,21,capturingDefender crushing long middlegame pin,https://lichess.org/eytCT2sP#45,
zzoRG,6R1/8/8/P1p2r2/2P5/1P3k1p/7K/8 w - - 3 54,h2h3 f5h5,635,103,74,370,endgame mate mateIn1 oneMove rookEndgame,https://lichess.org/gxoIQv4J#107,
zzoX2,8/3kp3/5pQ1/1p2p3/4P3/5PKP/3q2P1/8 b - - 0 52,d2g5 g6g5 f6g5 g3f2,2087,171,78,6,crushing defensiveMove endgame queenEndgame short,https://lichess.org/EePHQ0sk/black#104,
zzoaj,r1b3rk/2q2p1p/1p2pPpQ/3p4/1P1B1R2/8/P5PP/R5K1 b - - 5 22,c7c2 h6h7 h8h7 f4h4,1539,76,95,6853,attraction kingsideAttack mate mateIn2 middlegame sacrifice short,https://lichess.org/9XUBZesq/black#44,
zzobC,3r4/1p3k2/pPp1p3/P1P2pRP/3P1Pb1/4p3/7K/4B3 b - - 0 44,d8d4 h5h6 d4d2 h2g3,2106,76,94,3689,crushing defensiveMove endgame master short,https://lichess.org/45oVpvEr/black#88,
zzodd,r7/4Bk2/2p5/Pp2Rp2/4bP2/P5PK/8/8 w - - 5 47,e7b4 a8h8,1256,131,100,58,endgame mate mateIn1 oneMove,https://lichess.org/RHUqwuVj#93,
zzofI,1k1r4/3qb2r/3pNp2/4n3/4P1p1/2N1Q3/1PP2BP1/1K3R2 b - - 0 33,d7e6 e3a7 b8c8 c3d5 e6d5 e4d5,2392,74,93,536,crushing long master middlegame queensideAttack,https://lichess.org/RDzwXgsO/black#66,
zzopd,5rk1/5p2/1R2b2p/p1Q1N1p1/q7/6P1/4PPBP/2Rr2K1 w - - 1 28,c1d1 a4d1 g2f1 e6h3 b6g6 f7g6,1283,76,92,2044,crushing long middlegame pin,https://lichess.org/ZLZXjYxE#55,
zzosz,4r1k1/5ppp/2p5/p2p1PP1/3P1Q1P/2P4K/q3rR2/5R2 b - - 1 31,e8e4 f4b8 e4e8 b8e8 e2e8 f2a2,1091,78,64,53,crushing endgame long,https://lichess.org/Tvaa3OZQ/black#62,
zzowv,7r/p1k2p2/1nBN2p1/1Qn1q3/6Pp/1P4rP/P6K/2R2R2 w - - 0 30,c1c5 g3h3 h2g1 e5h2,2343,86,84,280,doubleCheck mate mateIn2 middlegame short,https://lichess.org/b7osQogx#59,
zzoyT,8/r7/3pkpp1/2p1b2R/BpP1P3/1P1P3P/5KP1/8 w - - 0 55,h5h6 a7a4 b3a4 b4b3 h6h7 e5c3,2193,76,92,426,crushing defensiveMove endgame long sacrifice,https://lichess.org/Gcs6RdFM#109,
zzp0e,4r1k1/pp4qp/3p2p1/2p5/2P5/PP6/3QrPPP/R4RK1 w - - 0 24,d2d6 g7a1 d6d5 g8h8,1888,75,74,783,crushing defensiveMove endgame master short,https://lichess.org/yDCIlMJq#47,
zzp43,5rk1/5pp1/p7/1p6/1Pn1Q1Nq/2P4P/P2r1P2/R3R1K1 w - - 1 28,g1g2 f7f5 g4h6 h4h6,1928,73,94,8129,advantage fork middlegame short,https://lichess.org/wE2zZOkO#55,
zzp5M,r3k2r/p2q1R1p/1pnp2p1/3Qb3/4P3/2N5/PPP3PP/R1B3K1 b kq - 0 16,d7f7 d5c6 f7d7 c6a8 e8f7 a8d5,1710,127,77,17,crushing exposedKing fork hangingPiece long middlegame,https://lichess.org/c78xEPK9/black#32,Bird_Opening,Bird_Opening_Other_variations
zzp9a,5Qnk/p5rp/4p3/3pPp2/3P4/P4R1R/1BP1q3/7K w - - 4 35,f3g3 e2f1 h1h2 f1f2,1815,75,88,344,crushing middlegame short,https://lichess.org/sA2vuViG#69,
zzpAq,4k2r/Rb1q4/3B1p2/1PQ3pp/8/4P2P/1P3PP1/5R1K w k - 3 27,f1a1 d7h3 h1g1 h3g2,1515,74,94,726,mate mateIn2 middlegame pin short,https://lichess.org/gFfcToYe#53,
zzpFH,r3nrk1/3n1ppp/2pp1q2/p3pN2/Pp2P3/1B1P2QP/1PP2PP1/R4RK1 b - - 3 16,f6g6 f5e7 g8h8 e7g6,851,77,98,984,crushing fork middlegame short,https://lichess.org/l8euVfJM/black#32,Russian_Game,Russian_Game_Italian_Variation
zzpIF,8/4r1kp/3p2p1/P1p5/2Q5/3P1P2/3q2PP/1R4K1 w - - 3 47,a5a6 e7e1 b1e1 d2e1,970,161,-14,13,endgame mate mateIn2 short,https://lichess.org/2ChzuE9L#93,
zzpMK,2kr2nr/pp1nq1p1/2p1p1p1/5pN1/1bBP1BP1/5Q1P/PPP5/R4RK1 b - - 1 15,g8f6 f3c6 b7c6 c4a6,1686,87,90,232918,bodenMate mate mateIn2 middlegame queensideAttack sacrifice short,https://lichess.org/SIbQC0W0/black#30,Caro-Kann_Defense,Caro-Kann_Defense_Rasa-Studier_Gambit
zzpMn,6r1/pp1k2B1/2n1p1N1/3pPp2/Qb1P2P1/2N4P/PP4RK/q7 w - - 1 26,g2g1 a1b2 g1g2 b2c3 g4f5 g8g7,1446,74,95,15417,advantage fork long middlegame,https://lichess.org/qGKKfucF#51,
zzpRI,r4rk1/p4p2/1n4pp/2b1N3/6R1/4P3/1B2KPPP/R7 b - - 1 23,c5d6 e5g6 f7g6 g4g6,1634,74,91,682,crushing middlegame short,https://lichess.org/a8sCNKnI/black#46,
zzpRQ,rn1q1bkr/p5pp/1pp2B2/3pNb2/3P4/1QN5/PPP2PPP/R4RK1 b - - 0 12,d8f6 c3d5 c6d5 b3d5,1585,75,83,109,advantage middlegame short,https://lichess.org/9jW7UPbD/black#24,Russian_Game,Russian_Game_Italian_Variation
zzpih,3rr1k1/p1qn1p2/1pp3pp/2b5/2P1PpB1/1PB5/PQ4PP/3R1R1K b - - 2 21,d7e5 d1d8 c7d8 c3e5 d8g5 e5h8 f7f6 b2f6 g5f6 h8f6,2062,76,90,1292,crushing middlegame quietMove veryLong,https://lichess.org/eH0cNfz2/black#42,
zzpvr,rk3r2/8/1pQ5/q3pp2/3p4/P7/5PP1/1R3K2 b - - 0 36,a8a6 c6d6 b8b7 d6e7,2209,95,79,51,advantage endgame fork short,https://lichess.org/xn0IwjSR/black#72,
zzpwy,5rk1/2p2r2/p1npp2p/1p2p1pq/4P3/PP1P2P1/1BPQR1KN/R7 w - - 1 24,a1f1 f7f1 h2f1 h5f3 g2h2 f3f1,1769,254,100,6,crushing deflection long middlegame,https://lichess.org/rPOrTsxf#47,
zzq0d,5r2/p1p5/4q2k/4P1bP/2PpQ1p1/3B1p2/PP6/1K5R b - - 3 37,f8f7 e4g6 e6g6 h5g6,1186,76,96,1066,crushing discoveredAttack endgame short,https://lichess.org/MunuzI9W/black#74,
zzq18,4rrk1/p3Rpp1/2b2n2/1p3PP1/3p4/1B3P2/PPPK4/4R3 b - - 0 25,f6d5 e7e8 f8e8 e1e8 c6e8 b3d5,2006,76,83,190,crushing kingsideAttack long middlegame,https://lichess.org/j595bEZX/black#50,
zzq22,8/R4pk1/1p1n3p/1P6/P5P1/5pKP/4bP2/8 w - - 2 35,a7a6 d6e4 g3h4 e4f2,1327,75,86,119,crushing deflection endgame short,https://lichess.org/7347BCLe#69,
zzq4S,4rrk1/1p1q1pp1/p6p/2bp4/2N2Q2/1P2P1P1/P5PP/3RR1K1 b - - 3 22,e8e4 f4e4 d5e4 d1d7,1500,500,100,1,crushing middlegame short,https://lichess.org/3nWjak2h/black#44,
zzq7F,2r1kb1r/p1q2pp1/1pn1p2p/3pPn2/Q6B/5B2/P1RN1PPP/2R3K1 b k - 3 22,f5d4 a4d4 c6d4 c2c7 c8c7 c1c7,1819,74,88,520,advantage long middlegame,https://lichess.org/ynYrV0dM/black#44,
zzq9M,4k1r1/p2b1p2/Brp1p2p/6q1/P1PB4/6P1/2P2P1P/1R1Q2K1 b - - 4 22,b6a6 b1b8 e8e7 f2f4 g5f5 b8g8,2595,103,89,79,crushing long middlegame,https://lichess.org/bQzlhy7F/black#44,
zzqAy,r1bqkbnr/pp3ppp/2P1p3/8/8/2P2N2/pP1P1PPP/RNBQK2R w KQkq - 0 8,c6b7 a2b1q b7a8q b1a1,2118,76,91,1006,advancedPawn advantage opening promotion short,https://lichess.org/YNK4fH5R#15,Sicilian_Defense,Sicilian_Defense_Old_Sicilian
zzqCZ,2r4k/p2Q2pp/1p6/2qp2P1/4p2P/1P2N3/PP3P2/1K5R w - - 0 33,e3f5 c5c2 b1a1 c2c1 h1c1 c8c1,1091,77,83,402,backRankMate endgame long mate mateIn3 sacrifice,https://lichess.org/Jc4H14O2#65,
zzqP5,8/8/p3R3/kp4PN/n7/1K5P/P1P3r1/8 w - - 3 46,g5g6 a4c5 b3b2 c5e6,1127,254,100,12,crushing endgame fork short,https://lichess.org/Fm7Hub0G#91,
zzqZ9,5rk1/4bppp/prnp3B/7P/1p2n3/1N3N2/PPP5/2K2RR1 b - - 5 26,e7f6 f3d2 f6g5 h6g5 e4g5 g1g5,2472,102,38,21,advantage long middlegame pin,https://lichess.org/yIvw2rAQ/black#52,
zzqZp,1k3bnr/ppp4p/2n2r2/4p2Q/P7/2NP3P/1PPB1qPK/R3R3 b - - 1 18,f2d2 h5e8 c6d8 e8d8,843,87,89,250,mate mateIn2 middlegame queensideAttack short,https://lichess.org/kgRwyeSO/black#36,Scandinavian_Defense,Scandinavian_Defense_Main_Line
zzqlu,r2q1r2/2p3kp/p3B1p1/1p2Qp2/3P4/P4PPR/1P6/7K b - - 1 33,d8f6 e5c7 f8f7 e6f7,1688,74,92,462,crushing endgame short,https://lichess.org/YOQVykf3/black#66,
zzqtt,r5k1/pbp4p/3p4/1N1P4/2P2P1P/P4p2/5PrK/R4R2 w - - 3 26,h2h3 b7c8 f4f5 c8f5,1159,75,96,9334,endgame mate mateIn2 short,https://lichess.org/0kARxAem#51,
zzr49,r2q1rk1/pp3pp1/2pp3p/8/4P3/PB1PbP1b/1PP2P1P/R2QR1K1 w - - 0 17,f2e3 d8g5 g1f2 g5g2,925,75,98,492,kingsideAttack mate mateIn2 middlegame short,https://lichess.org/VZhO9M5k#33,Italian_Game,Italian_Game_Anti-Fried_Liver_Defense
zzr4l,5r1k/2p1R3/1p6/p5p1/2QP3r/P5qP/1P3RP1/4K3 w - - 1 35,c4c2 h4h3 g2h3 g3g1 e1d2 g1f2 e7e2 f2d4,1940,212,70,8,crushing deflection endgame exposedKing pin sacrifice veryLong,https://lichess.org/BwnRj7xV#69,
zzr60,1r2r1k1/4q1p1/3R1pp1/p1N1n3/2P2Q2/1P5P/P4PP1/3R2K1 w - - 1 30,d6e6 e7c5 e6e8 b8e8,1257,75,88,1638,advantage hangingPiece middlegame short,https://lichess.org/ytwrvmEW#59,
zzrCW,rnb3k1/pp3ppp/2p5/2bPr3/2BN4/2N5/PP4PP/3R1RK1 w - - 0 17,d5c6 b8c6 c4f7 g8h8,1918,107,70,15,advantage master middlegame short,https://lichess.org/jegmC8Il#33,Queens_Gambit_Accepted,Queens_Gambit_Accepted_Central_Variation
zzrDO,4r2k/8/p2q3p/1p1b2p1/3P4/2P1B3/P3Q1PP/5RK1 w - - 2 28,e2d3 d5c4 d3d2 c4f1,1474,76,96,2360,crushing endgame short skewer,https://lichess.org/DeUmqmxX#55,
zzrFD,8/1R3nk1/6pp/4P3/p1q5/3rPQ1P/6PK/3r4 b - - 0 41,a4a3 f3f6 g7f8 e5e6 c4e6 f6e6,1876,104,64,27,crushing endgame long,https://lichess.org/cabMOHv3/black#82,
zzrJl,6k1/4P1pp/1rq1p3/pnp5/P2p1r2/1P1Q4/2P2PPP/R3R1K1 w - - 0 27,d3b5 b6b5 a4b5 c6d7,2272,75,91,782,advantage endgame short,https://lichess.org/x2ToOTnu#53,
zzrM9,1r2r1k1/pqp1ppbp/1p3npB/7n/3PN3/3B1P1R/PPPQ1P1P/R6K b - - 12 18,f6e4 d3e4 b7c8 h3h5,1808,74,92,988,advantage middlegame short,https://lichess.org/GUp7qsDl/black#36,Scandinavian_Defense,Scandinavian_Defense_Mieses-Kotroc_Variation
zzrMz,2r1k1n1/pp2p3/4bn1b/4N2q/5P1B/6Q1/PRB3P1/4K3 b - - 8 24,f6g4 c2g6 h5g6 e5g6,1438,75,99,3558,advantage fork middlegame short,https://lichess.org/uqJj1BZu/black#48,
zzrSi,8/8/p1p5/3pk1p1/1P4P1/5K2/P1P5/8 w - - 2 44,f3e3 d5d4 e3d3 e5f4 d3d4 f4g4,1482,122,43,16,crushing endgame long pawnEndgame,https://lichess.org/aB9KMTy7#87,
zzrd7,3r3r/1R6/p1k1p3/P4ppp/2PBp3/7P/4nPPN/1R5K b - - 0 29,d8d4 b1b6 c6c5 b7c7,1479,75,96,9751,endgame mate mateIn2 short,https://lichess.org/I3xD7nIP/black#58,
zzrmg,3Q4/4Npkp/1p4p1/pn6/8/4P1P1/5PKP/2q5 b - - 5 34,c1c7 d8g8 g7f6 e7d5 f6e6 d5c7,1106,74,97,4771,crushing endgame fork long,https://lichess.org/RHHrjzg4/black#68,
zzrpZ,r1bqkbnr/3p2pp/p4p2/1ppQ4/2B1P3/8/PPP2PPP/RNB1K2R b KQkq - 1 9,a8b8 d5f7,1083,76,100,213,mate mateIn1 oneMove opening,https://lichess.org/rU9B6vJq/black#18,
zzrqN,r5k1/pp3pp1/2pb1pp1/8/2PP4/2B1rP1q/PPQ4N/R4RK1 w - - 1 18,c2g2 h3g2 g1g2 e3e2 f1f2 e2f2 g2f2 d6h2,1889,74,93,454,advantage attraction exposedKing kingsideAttack middlegame veryLong,https://lichess.org/mfXcCJsi#35,Caro-Kann_Defense,Caro-Kann_Defense_Tartakower_Variation
zzrxN,r7/2p3pk/ppN2p1p/3P4/5P2/P2nq1PP/1P2b1B1/R5RK b - - 2 31,e3g3 g2e4 h7h8 g1g3,1229,238,100,11,crushing discoveredAttack middlegame short,https://lichess.org/PBwgpFKI/black#62,
zzs1o,2r2nk1/4bnp1/2p1p3/1p1p2pQ/1P1P4/q2PPNB1/4NPK1/2R5 b - - 5 35,a3d3 h5f7 g8f7 f3e5 f7f6 e5d3,2108,76,91,794,attraction crushing fork long middlegame sacrifice,https://lichess.org/1TiWfe8y/black#70,
zzs8g,r5k1/P1p2pp1/8/2Q1pPqp/R3P3/2P3NP/3r1PK1/5B2 w - - 0 36,c5c6 h5h4 c6a8 g8h7 a8g8 h7g8 a7a8q g8h7,1774,76,87,62,crushing defensiveMove middlegame veryLong,https://lichess.org/Q1jIyxJx#71,
zzsAd,3rk2r/2p2p2/1p2p3/1pb1PnBp/3n2p1/P1N3P1/1PP3Q1/2K2R2 b k - 5 30,d4f3 g5d8 e8d8 f1f3 g4f3 g2f3,2679,85,88,174,advantage long middlegame,https://lichess.org/5N7r4qna/black#60,
zzsBU,3k4/pp3p2/2p3p1/2q1b2p/2B1P1P1/2P5/PP2Q1P1/K7 w - - 0 29,c4f7 c5g1 e2d1 g1d1,1012,160,83,20,backRankMate endgame mate mateIn2 short,https://lichess.org/dkgyhJFS#57,
zzsDm,r1b2rk1/5ppp/8/p3p3/P1ppP3/2q3QP/B4KR1/8 b - - 1 26,d4d3 g3g7,748,132,100,59,mate mateIn1 middlegame oneMove,https://lichess.org/GFHpprW2/black#52,
zzsDo,8/1p6/3P1k2/8/3KP2r/8/7p/7R w - - 1 48,d6d7 f6e7 d7d8q e7d8,1447,94,100,45,crushing endgame master rookEndgame short,https://lichess.org/pteu6x5X#95,
zzsG8,r5k1/1R3ppb/r1p4p/Q2p4/3Pp1P1/4P2P/5P1N/1R4K1 b - - 0 30,a6a5 b7b8 a8b8 b1b8,693,96,70,53,backRankMate endgame mate mateIn2 short,https://lichess.org/f6zoEu2p/black#60,
zzsWd,3r1k2/2pr1p1p/1p4p1/pP4P1/P1P1R2P/3P3q/4QP2/3R2K1 b - - 2 32,d7d3 d1d3 h3d3 e4e8 d8e8 e2d3,1342,75,92,1028,crushing deflection endgame long,https://lichess.org/tfDNfNKm/black#64,
zzsXX,2r3k1/1p1b1qp1/p1r1pp1p/3p4/P2P1PP1/1PP1R2P/4R2B/4Q1K1 b - - 0 34,c6c3 e3c3 c8c3 e1c3,996,85,90,251,crushing middlegame short,https://lichess.org/MQoKU9WG/black#68,
zzscl,r5k1/1p5p/3pR1p1/p4q2/2P2P1P/6P1/PP6/4Q1K1 w - - 1 32,e6d6 f5c5 g1h2 c5d6,939,74,100,386,crushing endgame fork master short,https://lichess.org/tCheegPp#63,
zzsfd,5rk1/pQR3pp/3p4/8/3qr3/8/PP3PPP/5RK1 w - - 0 22,c7c8 d4f2 f1f2 e4e1 f2f1 e1f1,1423,437,43,1,endgame long mate mateIn3 sacrifice,https://lichess.org/pckjAlF5#43,
zzskw,4r2r/5k2/p3pBpq/P1NbPp2/1p1PpQ2/6R1/1P3PP1/R5K1 w - - 4 31,f6h8 h6f4 h8f6 e4e3,2022,75,91,422,advantage hangingPiece middlegame short,https://lichess.org/u71BJ8hI#61,
zzsls,3r2k1/r7/1q2nQp1/3pP3/2pP3P/p2nB1N1/P3N1P1/5RK1 b - - 4 41,d8f8 f6g6 a7g7 f1f8,1416,74,89,1467,crushing discoveredAttack kingsideAttack master middlegame short,https://lichess.org/WS0hm2xg/black#82,
zzsrL,2k4q/pp6/3p2p1/3Pp2b/BP3r2/3Q1PRP/P4P1K/8 b - - 0 28,f4b4 d3c3 c8b8 c3b4,1165,78,89,1388,crushing endgame fork short,https://lichess.org/nY9NyEQr/black#56,
zzssu,5r1r/2p3Q1/pp1p3p/5k2/PPP1R1bq/7N/6PP/2R4K w - - 2 30,g7g4 h4g4 e4g4 f5g4,740,97,90,250,advantage middlegame short,https://lichess.org/TBVtwIKm#59,
zzsyX,4r1k1/4P3/5q1p/p4Np1/1b2R1P1/7P/3p1P2/3Q2K1 w - - 1 40,d1e2 f6a1 g1g2 d2d1q e2d1 a1d1,1077,75,95,2069,advancedPawn crushing endgame long promotion,https://lichess.org/67TuPPVT#79,
zzszp,2kr3r/ppp2pbp/4b3/2qN2p1/P1P2p2/8/1P1R2PP/1RBQ3K b - - 2 18,c5c4 d5e7 c8b8 d2d8,923,76,100,127,crushing deflection discoveredAttack middlegame queensideAttack short,https://lichess.org/0EGvp4R6/black#36,Kings_Gambit_Accepted,Kings_Gambit_Accepted_MacLeod_Defense
zzt1t,2kr4/1pp2pp1/p7/3P4/1b2P1p1/2NQBq2/PP3P2/2R2KRr w - - 4 22,c3e2 f3h3,1650,86,80,1245,mate mateIn1 middlegame oneMove,https://lichess.org/egIJLmQ6#43,
zzt2Z,4r1k1/1Qp2pbp/3p2p1/5P2/3q2P1/pPNBr2P/2PB4/1K1R4 w - - 1 24,b7c7 e3d3 c2d3 d4d3 b1a2 d3c2,2020,76,92,1492,advantage long middlegame queensideAttack,https://lichess.org/WighJT00#47,
zzt6P,r1bq1rk1/3pnpbp/p1nQp1p1/1p6/4PP2/1BN1BN2/PP4PP/R4RK1 b - - 1 12,c6a5 e3b6 d8e8 b6a5,1470,74,89,782,crushing interference master middlegame short,https://lichess.org/hJJY3ZW2/black#24,Sicilian_Defense,Sicilian_Defense_McDonnell_Attack
zzt87,8/8/3p1K1k/2p5/p1P1r3/Pp6/8/6R1 b - - 1 56,e4c4 g1h1 c4h4 h1h4,1187,75,97,1836,endgame mate mateIn2 rookEndgame short,https://lichess.org/gjZS9Iw5/black#112,
zztDI,r3k3/ppp2p2/2np4/8/2B1PP2/2B1n2r/PPP5/2KR3R b q - 2 21,e3d1 h1h3 d1c3 h3h8 e8e7 h8a8,1637,126,100,40,crushing long middlegame skewer,https://lichess.org/EY3k0IQL/black#42,
zztFZ,rn2r1k1/pp1b1ppp/8/2pq4/3Nn3/2P1Q3/PP1NBPPP/R4RK1 w - - 0 14,d4b3 e4d2 e3d2 d5d2 b3d2 e8e2,1185,100,57,27,capturingDefender crushing long middlegame,https://lichess.org/3Ya8VDYx#27,Elephant_Gambit,Elephant_Gambit_Paulsen_Countergambit
zztGc,r4rk1/1bq1bpn1/pp2p1pp/4N3/P2P1PP1/2PQ4/2B4P/R1B2RK1 w - - 1 22,e5g6 f7g6 d3g6 f8f6,2250,75,92,961,advantage clearance middlegame short,https://lichess.org/NbUreyeb#43,
zztSE,6k1/1qr3pp/1pr1pp2/p2b4/Q2P1N2/P1R2P1P/1P4P1/2R3K1 b - - 6 28,c6c3 a4e8,1056,79,78,358,mate mateIn1 middlegame oneMove,https://lichess.org/8kuswPiB/black#56,
zztUd,r1bq1rk1/pp3ppp/2n5/2bp4/4n3/2N1PN2/PP2BPPP/R1BQ1RK1 w - - 6 10,d1d5 e4c3 d5c5 c3e2,1499,96,58,32,advantage opening short,https://lichess.org/wiKtI4yt#19,Queens_Gambit_Declined,Queens_Gambit_Declined_Other_variations
zztfx,3q1rk1/3nbpp1/4pn1p/ppr5/7B/P1N1PP2/BP2QP1P/3R1RK1 b - - 1 17,d8b6 d1d7 g7g5 d7e7,1952,74,95,1653,advantage middlegame short,https://lichess.org/wpnbx45k/black#34,Semi-Slav_Defense,Semi-Slav_Defense_Other_variations
zztm5,5rk1/ppN4p/2pP2p1/8/3n4/6P1/P5KP/3R4 b - - 1 34,d4f5 d6d7 f5e3 g2h3 e3d1 c7e8,2256,85,86,34,advancedPawn advantage defensiveMove endgame long sacrifice,https://lichess.org/FJCbDmkF/black#68,
zztno,5r1k/3B2pp/1qpP4/6B1/8/2P1r3/2PQ1PPP/6K1 w - - 0 30,f2e3 b6b1 d2e1 b1e1,1043,84,87,88,endgame mate mateIn2 short,https://lichess.org/sBlgCZt2#59,
zztvC,3k1r2/pppb4/3bq2p/1PnNn3/2P3p1/P2P4/1B2BPP1/R2QR1K1 w - - 2 24,e2f1 e6f5 d1d2 g4g3 f2g3 e5g4 d5e3 f5g5,2436,98,76,33,crushing middlegame quietMove veryLong,https://lichess.org/d0OQQW0Q#47,
zzty8,1k2r3/pp2P3/5p2/8/5P1P/1P1n4/P7/1K1R4 b - - 2 34,d3f2 d1d8 b8c7 d8e8,663,103,63,193,crushing endgame master short,https://lichess.org/ivLmIUZT/black#68,
zzu6g,1r6/1Pk2p2/7R/8/8/6Pp/7r/3R1K2 w - - 4 51,h6h7 h2h1 f1e2 b8e8 e2f3 h1d1,1854,75,92,508,crushing deflection endgame exposedKing long rookEndgame,https://lichess.org/hTNDyIwV#101,
zzuC7,8/2N1B3/p7/1p6/1P6/3k4/r7/4K3 w - - 2 58,c7d5 a2e2 e1d1 e2e5 d5f4 d3e4,2158,77,91,760,crushing endgame long,https://lichess.org/RkSfPxfr#115,
zzuCO,8/6p1/5p2/2k3P1/2bp3P/P2B4/3K4/8 b - - 0 49,c4d3 d2d3 f6g5 h4g5,910,87,89,119,crushing endgame short,https://lichess.org/bqykKp5Y/black#98,
zzuD3,r5rk/ppp2p2/1bPp3p/1B6/4P2q/7Q/PP3RP1/R3N2K b - - 2 26,h4f2 h3h6,1414,142,29,39,kingsideAttack master mate mateIn1 middlegame oneMove,https://lichess.org/RWXAWcFJ/black#52,
zzuDz,4rb1k/pppb2qQ/3p1pP1/8/2B1P3/2N5/PPP5/2K4R b - - 0 23,g7h7 h1h7,884,83,91,126,mate mateIn1 middlegame oneMove,https://lichess.org/7FU0TvC9/black#46,
zzuFU,r3rk2/p1p2p2/1p2b2p/4PPq1/3pB3/P2Pn2Q/1PP4P/1K1R1R2 b - - 4 22,e6d5 f1g1 g5f4 e4d5,1707,75,88,322,advantage middlegame short,https://lichess.org/9uT8IdPu/black#44,
zzuKS,8/7p/5KpP/8/4k2P/8/8/8 b - - 6 58,e4f4 f6g7 g6g5 h4g5 f4g5 g7h7 g5f6 h7g8,1355,78,98,10593,crushing endgame pawnEndgame veryLong,https://lichess.org/SdmWo43q/black#116,
zzuTJ,r6k/6pp/3p4/q3P3/2BP1P2/1P1Q2P1/1K6/8 w - - 1 38,e5d6 a5a1 b2c2 a8a2,1597,74,83,78,endgame mate mateIn2 short,https://lichess.org/Yht3eu4T#75,
zzuU8,8/2p3pp/5p2/2k5/2Bb1PP1/2K4P/p7/B7 w - - 1 37,c3c2 c5c4 a1d4 c4d4,1883,134,-11,11,bishopEndgame crushing endgame hangingPiece master short,https://lichess.org/6oKHa7z6#73,
zzuVA,6k1/p4p1p/1p1Q2pP/8/1K2r3/5q2/PPP2P1R/8 w - - 11 27,c2c4 a7a5 b4b5 f3f5,1454,80,92,58,crushing endgame short,https://lichess.org/G5FeqdNg#53,
zzubb,6k1/pr3pp1/br2pq1p/2Qp4/8/5N2/P4PPP/R3R1K1 b - - 0 27,f6a1 c5c8 g8h7 c8c2 f7f5 e1a1,1985,77,90,90,advantage long middlegame,https://lichess.org/lFPI9nRb/black#54,
zzuca,r3kb1r/ppp2pp1/2n1p1p1/8/3P2n1/2N1BN1P/PPP2P2/2KR3R b kq - 1 14,f8b4 h3g4 h8h1 d1h1,1691,75,95,10651,advantage hangingPiece middlegame short,https://lichess.org/XAUnLIWW/black#28,Scandinavian_Defense,Scandinavian_Defense_Gubinsky-Melts_Defense
zzugd,8/5ppk/p6p/2q5/8/1Q6/P1P2nPP/1R4K1 w - - 2 27,b1f1 f2h3 g1h1 c5g1 f1g1 h3f2,1293,77,89,1688,doubleCheck endgame long mate mateIn3 sacrifice smotheredMate,https://lichess.org/qOqlMFcl#53,
zzuhe,8/2k5/4p3/pPp1P1p1/2P3P1/K7/8/8 b - - 6 49,c7b6 a3a4 b6b7 a4a5,880,94,68,80,crushing endgame pawnEndgame short zugzwang,https://lichess.org/akjIPxjG/black#98,
zzujJ,8/4Qpk1/7p/5Pp1/1P1Nn1P1/1BP1P2P/3q4/4K3 w - - 7 39,e1f1 d2f2,1399,159,91,54,endgame mate mateIn1 oneMove,https://lichess.org/7TAi2hvF#77,
zzurx,8/8/8/4p1p1/2P4p/4k3/5p2/3K3R w - - 0 54,c4c5 g5g4 c5c6 g4g3 c6c7 g3g2,1666,75,80,182,advancedPawn crushing endgame long quietMove rookEndgame,https://lichess.org/S6WiyHnN#107,
zzuvB,5r1k/1b1nq1pp/p3pr2/Pppp1p2/3P4/1QN1PN1P/1PP2PP1/R3R1K1 w - - 0 18,c3a4 c5c4 b3c3 b5a4,1327,75,97,2440,crushing middlegame short,https://lichess.org/QhRJdgOb#35,Indian_Defense,Indian_Defense_Knights_Variation
zzvDt,1r2r2k/1p4np/p1p3p1/3p4/P7/1QN2P2/BP3PPP/3Rq1K1 w - - 2 31,d1e1 e8e1,625,82,80,105,backRankMate mate mateIn1 middlegame oneMove,https://lichess.org/uBgbzGFt#61,
zzvP5,4R3/pp3ppp/3k4/2R5/8/2P5/Pq1B1PPK/8 w - - 1 25,e8e5 b2d2,827,118,91,70,advantage endgame hangingPiece oneMove,https://lichess.org/JbE1yOcY#49,
zzvQE,4r2k/1pqbb1pp/p6r/3Q4/4p3/5NN1/PPP2PPP/R3R1K1 w - - 1 22,g3f5 d7f5 d5f5 e4f3,1847,75,92,883,advantage middlegame short,https://lichess.org/GblAx69x#43,
zzvWa,r1bq1r2/pp3k2/8/1pb3B1/3p3p/3K1B1P/P1P2P2/3Q2R1 b - - 3 24,d8a5 f3h5 f7e6 d1g4 f8f5 d3e4 e6d6 g5f4,2739,103,82,56,crushing exposedKing middlegame pin veryLong,https://lichess.org/zNzqFn55/black#48,
zzvh8,2q5/6kp/pb4pN/1p4p1/3pb3/1P4QP/P5P1/5R1K w - - 4 33,f1f7 g7h6 h3h4 c8c1 h1h2 b6d8 h4g5 c1g5,2200,188,75,5,crushing endgame hangingPiece quietMove veryLong,https://lichess.org/6bjdo4V7#65,
zzvln,8/3k2pp/5p2/3P4/1rn4P/2N3P1/2K2P2/2R5 w - - 15 35,c1b1 c4a3 c2c1 a3b1,1427,193,100,17,crushing endgame fork short,https://lichess.org/DgaotIWV#69,
zzvp8,r5k1/p2q2p1/2pP1r2/5p2/1P3Q2/1Pb1P1R1/2P3PP/5RK1 b - - 2 26,d7d6 f4c4 f6f7 c4c3,1605,75,82,802,advantage fork middlegame short,https://lichess.org/JPYJPQK0/black#52,
zzvu8,rn2k2r/pp2P2p/5p2/5bp1/4P3/2P2NB1/P2N1KPP/q4B1R b kq - 0 13,f5g4 f1b5 g4d7 b5d7 e8e7 h1a1,1757,74,95,4368,advantage exposedKing long middlegame,https://lichess.org/n0ZEh8Qb/black#26,Englund_Gambit,Englund_Gambit_Other_variations
zzw9X,1qr3k1/2rN1pp1/4p2p/1p1pP3/1P6/P3Q2P/5PP1/R1R3K1 b - - 0 25,c7c1 a1c1 c8c1 e3c1,1045,82,91,106,crushing endgame short,https://lichess.org/bCMRdaZq/black#50,
zzwLw,q4r2/6kp/pp2Rbp1/8/3p4/2N5/PP1Q1PPP/6K1 w - - 0 24,c3e4 a8d5 e6d6 d5e4,1722,75,93,3896,crushing endgame short,https://lichess.org/0fqmmrd5#47,
zzwQU,r1qk1r2/pbp1b2Q/2ppP2p/8/3PN3/8/PPP3PP/4RRK1 b - - 0 17,f8f1 e1f1 c8e6 f1f7 c6c5 d4d5 b7d5 h7h8 d8d7 e4f6 e6f6 h8f6 d5f7 f6f7,2650,97,85,112,advantage middlegame pin veryLong,https://lichess.org/AbvmRPWe/black#34,Kings_Gambit,Kings_Gambit_Other_variations
zzwSR,r2qk2r/ppp1bppp/2np1n2/4p2b/4P3/2PP3P/PP2BPPN/RNBQ1RK1 b kq - 2 8,h7h6 e2h5 f6h5 d1h5,718,79,98,1098,crushing opening short,https://lichess.org/mHGXF994/black#16,Philidor_Defense,Philidor_Defense_Other_variations
zzwfC,r3kb1r/pp1n1ppp/2p1pn2/4N1B1/3Pb3/2N5/PP2BPPP/2R2RK1 b kq - 7 12,f8d6 e5d7 e8d7 g5f6,1625,78,84,43,advantage middlegame short,https://lichess.org/oVs2gkCS/black#24,Scandinavian_Defense,Scandinavian_Defense_Mieses-Kotroc_Variation
zzx4B,8/kp3R2/pNr2p2/P4bp1/K1P5/1P2n1P1/8/8 b - - 2 41,e3f1 f7f8 c6b6 a5b6 a7b6 f8f6 b6c7 f6f5,1796,76,76,278,advantage attraction endgame fork veryLong,https://lichess.org/EbwvtzdD/black#82,
zzx9D,1r4k1/p4ppp/6N1/3p4/q1pP1Q2/1n6/5PPP/4R1K1 b - - 0 28,b8e8 g6e7 g8h8 f4f7 b3d4 e7g6 h7g6 e1e8 a4e8 f7e8,2205,80,90,2678,crushing deflection discoveredAttack endgame veryLong,https://lichess.org/Du3owJDK/black#56,
zzxAC,3b4/1p3ppp/8/1N1k4/1n3B2/1P6/P4PPP/6K1 w - - 3 23,b5d6 d8c7 d6b7 c7f4,1468,74,93,1121,advantage endgame master short,https://lichess.org/5m5y1Ph1#45,
zzxIH,5rk1/5p2/b3pPp1/3pP1Pp/1Q1P1B1P/1R5K/P1q5/8 w - - 1 39,b4f8 g8f8 b3b8 a6c8,964,89,95,679,crushing endgame hangingPiece short,https://lichess.org/CHQGtvOo#77,
zzxKq,8/8/3k3p/1K1n1P2/1P1P4/6p1/3B4/8 w - - 0 48,f5f6 g3g2 f6f7 d6e7,2028,73,93,7521,advancedPawn crushing endgame short,https://lichess.org/uIgZrVe5#95,
zzxQS,2R2q2/3nk1r1/p1Br1p2/1p2p3/1P3Pn1/4R2Q/P5PP/6K1 w - - 14 41,c8f8 d6d1 e3e1 d1e1,1116,74,97,1900,mate mateIn2 middlegame short,https://lichess.org/ShKqxS2C#81,
zzxTC,6r1/q3kp2/2p2p2/1p2pP2/1P2Pb2/p1P2R2/P1N1Q2r/5K1R w - - 0 35,h1h2 a7g1,1315,79,91,492,master mate mateIn1 middlegame oneMove,https://lichess.org/rp5LL2lj#69,
zzxWq,r2r2k1/1bp1qppp/p2p1n2/1p6/3QP3/1B3P2/PPP3PP/R1B2RK1 w - - 1 14,c1g5 c7c5 g5f6 g7f6 d4f2 c5c4,1877,74,93,1502,advantage long middlegame,https://lichess.org/qZzYa7ct#27,Four_Knights_Game,Four_Knights_Game_Spanish_Variation
zzxkJ,3r2k1/ppp2p1p/7p/4p1b1/PPN1P3/2Pr3P/5PP1/R2R2K1 w - - 0 23,c4e5 d3d1 a1d1 d8d1,1103,137,41,10,crushing endgame kingsideAttack short,https://lichess.org/eI8lKvkz#45,
zzxvB,5rk1/R1Q2ppp/5n2/4p3/1pB5/7q/1P3P2/6K1 b - - 1 28,f6g4 c7f7 f8f7 a7a8,1654,74,95,6347,endgame mate mateIn2 pin sacrifice short,https://lichess.org/TR7o2Pr4/black#56,
zzxvC,8/pp2r1k1/2b5/4rp1p/1P2P2K/P1N1R3/2P1R1P1/8 w - - 0 30,h4h5 f5f4 h5g4 f4e3,1403,78,87,134,advantage discoveredAttack endgame short,https://lichess.org/KhlGv2Rz#59,
zzy5j,1k1r3r/ppp5/8/2P2N2/1P6/P2n1P2/6Pp/2R1R2K w - - 1 31,c1d1 d3f2,998,90,93,298,endgame mate mateIn1 oneMove,https://lichess.org/vUxrQp9L#61,
zzy6k,rn4k1/p1p3bp/1p1pq1p1/4p3/8/1PN1B1P1/P1PQ3P/R3KB1b b Q - 0 17,b8c6 f1c4 d6d5 c3d5,1988,79,72,54,advantage middlegame pin short,https://lichess.org/aDC42cY2/black#34,English_Defense,English_Defense_Other_variations
zzyA7,6k1/5pp1/pq2p2p/4Q3/RP6/2Pr3P/3r1PP1/4R1K1 w - - 3 31,e1f1 d2f2 f1f2 d3d1 g1h2 b6f2,1651,75,67,84,advantage deflection endgame long sacrifice,https://lichess.org/xc9eGVoB#61,
zzyHD,1k4rr/p1p1b2p/1p6/3p4/1P1QnB2/N1P4q/P4PP1/3RR1K1 w - - 0 19,g2g3 e4g3 f4c7 b8c8 c7g3 g8g3 f2g3 h3g3 g1f1 h8f8 f1e2 e7g5 d1d3 f8e8 e2d1 e8e1 d1c2 g3g2 c2b3 e1a1,2169,201,69,27,crushing kingsideAttack middlegame quietMove sacrifice veryLong,https://lichess.org/j0Xjv5KH#37,
zzyNM,8/8/3k4/3pR3/1K1Pp3/2P5/8/4r3 w - - 4 42,b4b5 e4e3 c3c4 e3e2 e5d5 d6c7,2471,94,88,197,advancedPawn crushing defensiveMove endgame long rookEndgame,https://lichess.org/m6yIUDrj#83,
zzyUV,8/p5pp/1p4k1/2p5/2K4P/1P1N2P1/P1P1b3/8 b - - 7 39,e2d3 c2d3 g6f5 c4b5 g7g5 b5a6,2654,183,88,10,crushing endgame long,https://lichess.org/JwfmEg5T/black#78,
zzya7,4rk2/ppp3p1/2bpqp2/4b2Q/8/2N5/PPP2PPP/R3R1K1 w - - 0 20,f2f4 e5d4 g1f1 e6c4,1696,76,92,861,advantage middlegame short,https://lichess.org/2yA2jTei#39,
zzycH,6k1/6p1/7p/3pPp2/3P4/1p6/1R2KPPP/2r5 b - - 3 28,c1c2 b2c2 b3c2 e2d2,972,90,94,278,crushing endgame rookEndgame short,https://lichess.org/34wjTHxO/black#56,
zzyeq,1r3k1r/ppp2p1p/5R2/4p3/P5Q1/3P1PPK/4q3/7R b - - 1 29,e2d3 g4e6 d3g6 e6e5 b8e8 e5c5 e8e7 f6g6 h7g6 h3g2 h8h1 g2h1,2201,82,85,192,advantage endgame pin veryLong,https://lichess.org/WlqQV9xM/black#58,
zzyfI,Qnk4r/1pp2p2/2q4p/3pr1p1/R7/1PP2P1P/1P1N2P1/R5K1 b - - 1 22,h8e8 a8b8 c8d7 b8a7,1488,74,93,1088,advantage middlegame queensideAttack short,https://lichess.org/cyHVtVXr/black#44,
zzymN,r2qkr2/p4p1p/2pp4/4p1p1/Q2Pn1n1/2P2NB1/P4PPP/R3KR2 b Qq - 5 19,e4c3 a4c6 d8d7 c6c3,1360,87,72,34,advantage fork middlegame short,https://lichess.org/4APGjXiC/black#38,French_Defense,French_Defense_Other_variations
zzyrN,8/8/1N6/3p1k2/1p1P1P2/2nK4/8/8 w - - 0 49,d3e3 b4b3 e3d2 b3b2 b6d5 b2b1q,1676,75,99,1053,advancedPawn crushing endgame knightEndgame long promotion,https://lichess.org/jb7LZBGO#97,
zzywe,B3kbnr/p1p2ppp/8/3pp3/3nq3/8/PPPPPP1P/RNBQKR2 w Qk - 1 9,c2c4 d4f3,1503,91,81,2907,mate mateIn1 middlegame oneMove pin smotheredMate,https://lichess.org/h2ObbOBC#17,
zzz2O,3r1rk1/6b1/3R2p1/1p2p2p/1P5P/2B2qP1/1Q3P1K/4R3 w - - 3 30,c3e5 d8d6 e5g7 f3f2 b2f2 f8f2,2000,85,86,33,crushing fork long middlegame,https://lichess.org/UBigL4Vc#59,
zzz6W,1bkr4/p6R/Pp4p1/1Np1q3/2P1p1P1/4Bn2/1P2QPK1/8 b - - 1 32,d8h8 e3f4 e5f4 h7h8,1853,156,100,13,crushing deflection middlegame short,https://lichess.org/jqOr59kg/black#64,
zzz6b,4rrk1/Rpp2pp1/5q1p/3p4/4n3/1PP5/1P1NQPPP/4R1K1 b - - 0 17,e4c3 e2e8 f8e8 e1e8 g8h7 b2c3,1776,89,63,31,crushing kingsideAttack long middlegame,https://lichess.org/2d0uEKKG/black#34,Italian_Game,Italian_Game_Scotch_Gambit
zzzAA,r4rk1/5Rbp/2p3p1/p1q5/2p1N3/P4Q2/1P4PP/5R1K b - - 2 30,c5d5 f7f8 a8f8 f3f8 g7f8 e4f6 g8g7 f6d5,1976,79,77,51,advantage fork middlegame sacrifice veryLong,https://lichess.org/H9Gr825S/black#60,
zzzBa,8/p3qppk/1p2rn1p/2p5/3p4/PP1P1QPP/2PB1P2/2R3K1 b - - 4 30,e6e2 d2e3 e2e3 f2e3,1799,244,100,3,advantage short trappedPiece,https://lichess.org/9Q2St8kL/black#60,
zzzJS,r3kb1r/5ppp/p1n1p3/qN1pP3/3P4/1R3P2/P2B1P1P/3QK1R1 b kq - 0 17,a5a2 b5c7 e8d7 c7a8,853,76,100,136,crushing fork middlegame short,https://lichess.org/aBcnhoi2/black#34,Caro-Kann_Defense,Caro-Kann_Defense_Advance_Variation
zzzKH,q6r/5kb1/p3pn1p/1pn4P/2p2B2/P1N5/1PpQ2P1/R3K2R w KQ - 0 23,d2c2 c5d3 c2d3 c4d3,1706,75,93,1336,crushing fork middlegame short,https://lichess.org/Kite8I8w#45,
zzzLK,rn2k2r/pb3ppp/1p1qpn2/3p4/3P4/2NBPN2/PP3PPP/R2Q1RK1 b kq - 1 10,b8d7 c3b5 d6b8 a1c1 e8g8 b5c7,1784,74,96,3505,crushing long middlegame quietMove,https://lichess.org/sVDZKwQJ/black#20,Slav_Defense,Slav_Defense_Other_variations
zzzOI,8/6p1/8/2pK3p/1k5P/1P4P1/8/8 b - - 0 43,g7g6 d5c6 c5c4 b3c4 b4c4 c6d6,1925,77,92,3671,crushing defensiveMove endgame long pawnEndgame zugzwang,https://lichess.org/f1RiiSwW/black#86,
zzzRN,4r2k/1NR2Q1p/4P1n1/pp1p4/3P4/4q3/PP4PP/6K1 w - - 0 31,g1h1 e3e1 f7f1 e1f1,830,108,67,31,endgame mate mateIn2 short,https://lichess.org/8OHS8UmY#61,
zzzTs,r2qrk2/pb1n1ppQ/1p2p3/2pP2b1/3P4/3B1NN1/PP3PPP/2R2RK1 b - - 0 16,g5c1 d5d6 d7f6 h7h8,1856,76,87,78,advantage middlegame short,https://lichess.org/8SAGnBjb/black#32,Queens_Gambit_Declined,Queens_Gambit_Declined_Modern_Variation
zzzUZ,r2qk2r/pp2ppbp/2n3pn/1B1pP3/3P4/5b1P/PP1N1PP1/R1BQK2R w KQkq - 0 10,d2f3 d8a5 c1d2 a5b5,1015,84,93,658,advantage fork opening short,https://lichess.org/0YzF6l5X#19,Sicilian_Defense,Sicilian_Defense_Smith-Morra_Gambit
zzzYp,3r1rk1/3pN1pp/nq3pn1/1pp1p1QN/4P3/5P2/2P3PP/3RR2K b - - 1 26,g8h8 e7g6 h7g6 g5g6,1076,77,89,589,crushing kingsideAttack middlegame short,https://lichess.org/Yc8Fdtc0/black#52,
zzzc4,3r3k/p5pp/8/5R2/1BQ1p3/P3q3/Bb4PP/6K1 w - - 0 28,g1f1 d8d1 b4e1 e3e1,979,75,100,115,mate mateIn2 middlegame short,https://lichess.org/jRTmvh6y#55,
zzzco,5Q2/pp3R1P/1kpp4/4p3/2P1P3/3PP2P/Pr2q3/2K5 w - - 3 35,f7f2 b2c2 c1b1 e2d1,1740,74,91,942,endgame mate mateIn2 queensideAttack short,https://lichess.org/hZWTYIAT#69,
zzzhI,r3kb1r/ppp2ppp/2n5/3q3b/3P1B2/5N1P/PPP3P1/RN1Q1RK1 b kq - 0 10,c6d4 f1e1 e8d8 b1c3 d4f3 g2f3,2480,88,82,60,advantage long opening,https://lichess.org/N092KH4f/black#20,Kings_Gambit_Accepted,Kings_Gambit_Accepted_Abbazia_Defense
zzzhg,r2q1rk1/4bppp/p1n1pn2/1p1pN3/2pP2b1/1PP1P3/PBQN1PPP/RB3RK1 b - - 1 12,g4f5 e5c6 f5c2 c6d8 c2b1 d8c6,2203,95,100,34,crushing hangingPiece long middlegame,https://lichess.org/f4w3Ljxp/black#24,Queens_Pawn_Game,Queens_Pawn_Game_Colle_System